{
  "AppVersion": "1.1.5.0",
  "Title": "Samurai-Cyberpunk",
  "Thumbnail": "lively_t.jpg",
  "Preview": "lively_p.gif",
  "Desc": "The OnePlus 8T Cyberpunk wallpaper features an enflamed skull with the SAMURAI text underneath. The image has a resolution of 1080 by 2440 pixels. This resolution is ideal for most modern smartphones, and the wallpaper will look good on any device.",
  "Author": "Abhishek Baiju",
  "License": null,
  "Contact": "https://abhishekbaiju.github.io/samurai/",
  "Type": 3,
  "FileName": "https://abhishekbaiju.github.io/samurai/",
  "Arguments": null,
  "IsAbsolutePath": false
}